TITLE,URL
Fezekile Plaatyi - Node.js Full-Stack Software ... - LinkedIn,https://za.linkedin.com/in/fezekile-plaatyi-205751108
"100+ ""Fezekile"" profiles | LinkedIn",https://za.linkedin.com/pub/dir/Fezekile/+/za-0-South-Africa
Quro Medical | LinkedIn,https://www.linkedin.com/company/quro-medical
Abdel Oueryemchi - Product System Analyst ... - LinkedIn,https://za.linkedin.com/in/abdeloueryemchi
Mpjane Sello - Technical Analyst - Khonology | LinkedIn,https://za.linkedin.com/in/mpjane-sello-1ba32463
Veli Sithole - Software Engineer - Trackmatic | LinkedIn,https://za.linkedin.com/in/veli-sithole-6235477b
Mukonazwothe Sikhwari - Business Analyst - OneCart | LinkedIn,https://za.linkedin.com/in/mukonazwothe-sikhwari-68970a186
Ayanda Ngcobo - Senior Software Devloper - Rand ... - LinkedIn,https://za.linkedin.com/in/ayanda-ngcobo-53a71148
Tshepo Motsi - Software Developer - Telesure ... - LinkedIn,https://za.linkedin.com/in/tshepo-motsi
"mnoneleli funda - Bisho Area, South Africa ... - LinkedIn",https://za.linkedin.com/in/mnoneleli-funda-a3139996
"Masibulele Mgoqi - Umtata Area, South Africa ... - LinkedIn",https://za.linkedin.com/in/masibulele-mgoqi-447a50151
Zyanda Mshiywa - ICT Technician - Mbizana Local ... - LinkedIn,https://za.linkedin.com/in/zyanda-mshiywa-28832826
Karim Abdul - Full Stack Engineer - Warp Development | LinkedIn,https://za.linkedin.com/in/karim-abdul-2a760a25
Sakhile Nhlabathi - ICT Technician - Moses Kotane ... - LinkedIn,https://za.linkedin.com/in/sakhile-nhlabathi-2a615296
Samuel Madigage - Frontend Web Developer - Self ... - LinkedIn,https://za.linkedin.com/in/samuel-madigage
Chris Binstead - ICT Technician - PBS Group | LinkedIn,https://za.linkedin.com/in/chris-binstead-52b34630
Balachander Balakrishnan - Principal IT Consultant ... - LinkedIn,https://www.linkedin.com/pub/balachander-balakrishnan/40/480/b88
Quro Medical | LinkedIn,https://jm.linkedin.com/company/quro-medical
Masibulele Mgoqi â€“ Umtata und Umgebung ... - LinkedIn,https://za.linkedin.com/in/masibulele-mgoqi-447a50151/de
Quro Medical | LinkedIn,https://ca.linkedin.com/company/quro-medical
